"CustomerId","CustomerName","Segment","RegionId","CreditLimit","OnboardedOn"
"1","Customer_0001","Mid-Market","5","244587","2025-04-01"
"2","Customer_0002","Mid-Market","4","81349","2022-11-17"
"3","Customer_0003","Enterprise","1","94404","2024-02-29"
"4","Customer_0004","Enterprise","17","59487","2021-12-09"
"5","Customer_0005","Public Sector","16","197107","2024-03-27"
"6","Customer_0006","Mid-Market","10","88047","2022-04-17"
"7","Customer_0007","SMB","8","83604","2021-05-08"
"8","Customer_0008","Public Sector","20","217829","2026-05-31"
"9","Customer_0009","SMB","14","60895","2022-03-29"
"10","Customer_0010","SMB","7","242975","2024-01-19"
"11","Customer_0011","Public Sector","8","114411","2023-06-26"
"12","Customer_0012","Enterprise","3","121850","2026-07-27"
"13","Customer_0013","SMB","7","174351","2026-07-30"
"14","Customer_0014","Public Sector","20","3912","2023-09-21"
"15","Customer_0015","Mid-Market","18","17853","2026-04-24"
"16","Customer_0016","SMB","15","216074","2024-11-05"
"17","Customer_0017","SMB","12","152805","2023-08-22"
"18","Customer_0018","Public Sector","17","153899","2022-08-30"
"19","Customer_0019","SMB","6","174211","2024-11-20"
"20","Customer_0020","Public Sector","20","19059","2025-02-20"
"21","Customer_0021","Mid-Market","19","113912","2025-10-03"
"22","Customer_0022","Mid-Market","10","22474","2025-02-11"
"23","Customer_0023","Mid-Market","14","125477","2021-06-11"
"24","Customer_0024","Public Sector","19","54225","2021-12-13"
"25","Customer_0025","SMB","4","201641","2026-05-03"
"26","Customer_0026","SMB","18","114518","2025-12-15"
"27","Customer_0027","Mid-Market","5","172015","2025-10-04"
"28","Customer_0028","Mid-Market","7","101309","2024-07-30"
"29","Customer_0029","SMB","15","61718","2022-09-13"
"30","Customer_0030","Enterprise","11","13084","2021-10-26"
"31","Customer_0031","Enterprise","3","189964","2024-09-01"
"32","Customer_0032","SMB","10","248526","2024-05-21"
"33","Customer_0033","Public Sector","19","1606","2024-07-06"
"34","Customer_0034","Enterprise","15","25051","2021-05-19"
"35","Customer_0035","Enterprise","6","158919","2023-10-03"
"36","Customer_0036","Enterprise","6","219236","2021-09-18"
"37","Customer_0037","Public Sector","10","77340","2024-12-23"
"38","Customer_0038","SMB","6","43721","2025-03-25"
"39","Customer_0039","Public Sector","12","92087","2021-07-06"
"40","Customer_0040","Public Sector","3","129615","2024-07-19"
"41","Customer_0041","SMB","4","16970","2024-07-25"
"42","Customer_0042","Public Sector","17","189149","2026-04-10"
"43","Customer_0043","SMB","15","198749","2026-04-15"
"44","Customer_0044","SMB","15","3007","2021-12-29"
"45","Customer_0045","Enterprise","16","20602","2023-11-13"
"46","Customer_0046","SMB","5","246831","2022-02-28"
"47","Customer_0047","Mid-Market","11","35056","2025-03-05"
"48","Customer_0048","SMB","13","48872","2024-12-20"
"49","Customer_0049","Mid-Market","18","70043","2026-04-18"
"50","Customer_0050","Enterprise","4","185912","2024-02-25"
"51","Customer_0051","Mid-Market","12","118828","2025-12-03"
"52","Customer_0052","Enterprise","1","69098","2025-10-14"
"53","Customer_0053","SMB","12","236648","2026-05-16"
"54","Customer_0054","Mid-Market","4","212480","2021-11-17"
"55","Customer_0055","Mid-Market","17","106266","2023-07-19"
"56","Customer_0056","SMB","5","19353","2026-06-06"
"57","Customer_0057","Mid-Market","7","59090","2025-03-09"
"58","Customer_0058","SMB","18","43435","2023-11-26"
"59","Customer_0059","Enterprise","3","17229","2024-05-20"
"60","Customer_0060","SMB","6","14376","2024-12-02"
"61","Customer_0061","Enterprise","14","178183","2021-12-10"
"62","Customer_0062","SMB","1","43141","2023-01-27"
"63","Customer_0063","Public Sector","16","152813","2025-07-29"
"64","Customer_0064","Public Sector","20","230587","2022-10-02"
"65","Customer_0065","SMB","6","233914","2023-12-14"
"66","Customer_0066","Public Sector","18","31089","2021-07-28"
"67","Customer_0067","SMB","16","221488","2021-09-18"
"68","Customer_0068","Enterprise","7","86857","2024-12-17"
"69","Customer_0069","SMB","10","128954","2023-09-01"
"70","Customer_0070","SMB","17","2337","2021-09-28"
"71","Customer_0071","SMB","15","217996","2025-09-12"
"72","Customer_0072","SMB","8","233762","2025-11-14"
"73","Customer_0073","Mid-Market","15","111745","2025-12-29"
"74","Customer_0074","SMB","20","97939","2026-03-29"
"75","Customer_0075","SMB","8","80939","2024-05-31"
"76","Customer_0076","SMB","18","66520","2023-12-07"
"77","Customer_0077","Enterprise","3","155567","2023-05-24"
"78","Customer_0078","Mid-Market","17","167776","2024-05-30"
"79","Customer_0079","Public Sector","10","51198","2022-05-11"
"80","Customer_0080","Public Sector","14","82929","2025-06-07"
"81","Customer_0081","Mid-Market","11","138224","2023-10-10"
"82","Customer_0082","Public Sector","13","12271","2022-11-02"
"83","Customer_0083","Enterprise","4","104811","2024-01-09"
"84","Customer_0084","SMB","16","118129","2021-08-11"
"85","Customer_0085","Enterprise","10","94840","2025-05-04"
"86","Customer_0086","Mid-Market","4","21676","2022-10-14"
"87","Customer_0087","Enterprise","2","118601","2023-03-23"
"88","Customer_0088","Mid-Market","6","243263","2023-07-23"
"89","Customer_0089","Mid-Market","11","144973","2024-01-05"
"90","Customer_0090","Public Sector","16","23709","2024-04-07"
"91","Customer_0091","Public Sector","1","235738","2023-11-02"
"92","Customer_0092","Enterprise","16","44455","2023-11-20"
"93","Customer_0093","Public Sector","1","100827","2024-10-21"
"94","Customer_0094","Mid-Market","11","122164","2024-11-08"
"95","Customer_0095","Mid-Market","16","190336","2025-12-16"
"96","Customer_0096","Enterprise","5","127487","2026-02-10"
"97","Customer_0097","SMB","15","244510","2025-07-22"
"98","Customer_0098","Enterprise","3","99959","2023-04-17"
"99","Customer_0099","Public Sector","6","238896","2023-09-22"
"100","Customer_0100","SMB","14","169292","2026-05-30"
"101","Customer_0101","Mid-Market","15","33232","2023-07-09"
"102","Customer_0102","Public Sector","14","157162","2023-01-31"
"103","Customer_0103","Public Sector","10","42773","2021-12-19"
"104","Customer_0104","SMB","3","217209","2025-01-26"
"105","Customer_0105","SMB","19","190724","2024-02-16"
"106","Customer_0106","Public Sector","11","44570","2026-07-23"
"107","Customer_0107","Public Sector","13","178407","2021-12-25"
"108","Customer_0108","Public Sector","17","128524","2022-06-20"
"109","Customer_0109","Mid-Market","11","5846","2021-08-01"
"110","Customer_0110","Public Sector","18","132558","2026-03-20"
"111","Customer_0111","Public Sector","9","230641","2023-11-30"
"112","Customer_0112","Mid-Market","9","239515","2023-05-20"
"113","Customer_0113","SMB","16","76046","2024-06-20"
"114","Customer_0114","Enterprise","19","209416","2024-03-31"
"115","Customer_0115","SMB","4","43524","2023-12-18"
"116","Customer_0116","Mid-Market","16","18479","2023-04-14"
"117","Customer_0117","Public Sector","17","101993","2022-10-08"
"118","Customer_0118","Enterprise","6","14860","2025-06-13"
"119","Customer_0119","SMB","14","17551","2026-05-27"
"120","Customer_0120","Mid-Market","2","68388","2023-12-31"
"121","Customer_0121","Enterprise","17","199556","2021-04-20"
"122","Customer_0122","Public Sector","17","4519","2023-03-04"
"123","Customer_0123","Enterprise","19","201636","2025-07-11"
"124","Customer_0124","Public Sector","20","38126","2021-12-08"
"125","Customer_0125","Public Sector","15","79809","2026-06-12"
"126","Customer_0126","Mid-Market","6","135073","2026-03-13"
"127","Customer_0127","SMB","14","83889","2023-03-05"
"128","Customer_0128","Public Sector","3","52560","2023-06-09"
"129","Customer_0129","Enterprise","5","173411","2026-04-17"
"130","Customer_0130","Enterprise","13","18062","2024-07-16"
"131","Customer_0131","SMB","1","139324","2026-05-26"
"132","Customer_0132","Enterprise","4","168218","2025-01-08"
"133","Customer_0133","Enterprise","2","145867","2025-12-22"
"134","Customer_0134","Public Sector","1","60481","2021-05-27"
"135","Customer_0135","SMB","1","21453","2021-10-10"
"136","Customer_0136","Public Sector","9","86900","2024-05-04"
"137","Customer_0137","Public Sector","18","87498","2025-09-25"
"138","Customer_0138","Public Sector","2","104369","2026-06-02"
"139","Customer_0139","Public Sector","5","90644","2021-12-18"
"140","Customer_0140","Public Sector","2","31388","2023-04-07"
"141","Customer_0141","SMB","14","36283","2022-10-29"
"142","Customer_0142","Public Sector","20","33254","2025-12-06"
"143","Customer_0143","SMB","1","139942","2023-03-02"
"144","Customer_0144","Enterprise","8","60810","2022-02-26"
"145","Customer_0145","Mid-Market","6","108029","2024-11-11"
"146","Customer_0146","Mid-Market","17","217720","2022-06-04"
"147","Customer_0147","SMB","1","220466","2025-07-31"
"148","Customer_0148","Public Sector","12","152177","2022-11-20"
"149","Customer_0149","SMB","8","188507","2023-11-19"
"150","Customer_0150","SMB","18","170023","2023-11-10"
"151","Customer_0151","Public Sector","16","144807","2023-12-01"
"152","Customer_0152","Mid-Market","15","102313","2024-05-15"
"153","Customer_0153","SMB","4","236097","2023-11-13"
"154","Customer_0154","Public Sector","15","188915","2026-06-30"
"155","Customer_0155","Mid-Market","15","159977","2023-07-09"
"156","Customer_0156","Public Sector","7","198084","2024-06-08"
"157","Customer_0157","Mid-Market","5","230675","2022-01-16"
"158","Customer_0158","Enterprise","18","143743","2026-07-08"
"159","Customer_0159","Enterprise","7","120929","2023-07-03"
"160","Customer_0160","Public Sector","11","166351","2026-05-14"
"161","Customer_0161","Mid-Market","12","109292","2021-11-10"
"162","Customer_0162","SMB","15","145904","2024-04-08"
"163","Customer_0163","Public Sector","9","18304","2022-08-06"
"164","Customer_0164","Public Sector","6","121943","2022-12-01"
"165","Customer_0165","Mid-Market","17","99237","2023-06-13"
"166","Customer_0166","SMB","14","43770","2023-06-05"
"167","Customer_0167","SMB","8","47937","2023-02-24"
"168","Customer_0168","Mid-Market","13","214675","2021-10-13"
"169","Customer_0169","Public Sector","10","243539","2024-04-27"
"170","Customer_0170","Public Sector","3","107291","2023-04-11"
"171","Customer_0171","Enterprise","14","24499","2022-03-04"
"172","Customer_0172","Enterprise","1","106313","2022-02-07"
"173","Customer_0173","Enterprise","15","113632","2022-11-16"
"174","Customer_0174","Mid-Market","1","15721","2023-01-10"
"175","Customer_0175","Enterprise","9","40637","2022-08-08"
"176","Customer_0176","SMB","19","66442","2021-09-25"
"177","Customer_0177","Mid-Market","17","68599","2025-06-24"
"178","Customer_0178","SMB","8","119932","2021-10-27"
"179","Customer_0179","Public Sector","20","133353","2026-04-18"
"180","Customer_0180","Mid-Market","17","28179","2022-10-29"
"181","Customer_0181","Enterprise","13","117218","2023-02-05"
"182","Customer_0182","Public Sector","7","101914","2024-02-05"
"183","Customer_0183","Public Sector","20","158996","2025-02-27"
"184","Customer_0184","Mid-Market","15","237092","2021-03-27"
"185","Customer_0185","Public Sector","16","1039","2024-10-31"
"186","Customer_0186","Mid-Market","16","113249","2022-09-28"
"187","Customer_0187","Public Sector","3","14870","2021-05-26"
"188","Customer_0188","Mid-Market","3","8833","2021-05-08"
"189","Customer_0189","Mid-Market","14","130953","2023-03-07"
"190","Customer_0190","Public Sector","20","241113","2021-12-23"
"191","Customer_0191","Mid-Market","14","54482","2025-12-13"
"192","Customer_0192","Mid-Market","13","90487","2025-07-30"
"193","Customer_0193","Enterprise","16","106399","2023-04-12"
"194","Customer_0194","Public Sector","2","4880","2022-12-31"
"195","Customer_0195","Public Sector","4","100425","2025-10-25"
"196","Customer_0196","Enterprise","15","58491","2025-08-23"
"197","Customer_0197","Enterprise","8","134212","2022-06-26"
"198","Customer_0198","Enterprise","5","211724","2022-08-18"
"199","Customer_0199","Mid-Market","15","25273","2022-11-16"
"200","Customer_0200","Public Sector","16","181141","2025-12-27"
"201","Customer_0201","SMB","1","157560","2024-12-01"
"202","Customer_0202","Enterprise","15","125108","2022-02-01"
"203","Customer_0203","Public Sector","11","75669","2025-02-06"
"204","Customer_0204","Public Sector","13","128925","2022-05-16"
"205","Customer_0205","SMB","18","216434","2024-09-03"
"206","Customer_0206","Public Sector","7","74622","2024-08-23"
"207","Customer_0207","Public Sector","5","239880","2025-04-02"
"208","Customer_0208","Mid-Market","14","69665","2021-09-10"
"209","Customer_0209","Public Sector","6","112365","2023-06-11"
"210","Customer_0210","Mid-Market","16","45216","2021-09-19"
"211","Customer_0211","SMB","6","34363","2026-08-05"
"212","Customer_0212","Enterprise","16","111850","2024-09-07"
"213","Customer_0213","Public Sector","18","164699","2023-11-20"
"214","Customer_0214","SMB","5","48146","2025-12-08"
"215","Customer_0215","SMB","8","153357","2023-12-27"
"216","Customer_0216","Enterprise","14","132569","2021-12-26"
"217","Customer_0217","Public Sector","13","187371","2024-07-10"
"218","Customer_0218","Mid-Market","19","233218","2025-06-05"
"219","Customer_0219","Public Sector","20","158047","2026-06-25"
"220","Customer_0220","Mid-Market","20","193639","2023-08-23"
"221","Customer_0221","Mid-Market","10","199272","2026-03-25"
"222","Customer_0222","Mid-Market","14","129513","2024-11-11"
"223","Customer_0223","Enterprise","5","32935","2026-01-10"
"224","Customer_0224","Public Sector","2","93942","2024-08-04"
"225","Customer_0225","Mid-Market","6","103288","2023-01-12"
"226","Customer_0226","Enterprise","3","74210","2021-07-21"
"227","Customer_0227","SMB","8","94223","2022-01-24"
"228","Customer_0228","Enterprise","6","96428","2025-09-21"
"229","Customer_0229","Public Sector","9","87663","2023-04-29"
"230","Customer_0230","Enterprise","19","203542","2023-07-18"
"231","Customer_0231","SMB","1","77077","2023-11-03"
"232","Customer_0232","Enterprise","8","104140","2022-04-13"
"233","Customer_0233","SMB","14","194102","2025-07-20"
"234","Customer_0234","Enterprise","15","134887","2025-01-28"
"235","Customer_0235","Mid-Market","10","106095","2026-04-29"
"236","Customer_0236","SMB","1","154500","2024-04-01"
"237","Customer_0237","Enterprise","12","155654","2025-12-14"
"238","Customer_0238","Enterprise","4","218089","2023-09-28"
"239","Customer_0239","Enterprise","12","147040","2025-11-01"
"240","Customer_0240","SMB","4","112905","2024-05-21"
"241","Customer_0241","Public Sector","10","40266","2024-01-26"
"242","Customer_0242","Public Sector","13","103772","2021-09-29"
"243","Customer_0243","SMB","7","95149","2026-06-09"
"244","Customer_0244","SMB","14","226573","2024-09-15"
"245","Customer_0245","Enterprise","19","20307","2022-11-01"
"246","Customer_0246","Public Sector","20","133341","2022-03-11"
"247","Customer_0247","SMB","13","187597","2025-12-11"
"248","Customer_0248","SMB","11","14840","2023-09-26"
"249","Customer_0249","SMB","20","180772","2024-10-07"
"250","Customer_0250","Public Sector","4","111433","2022-12-20"
"251","Customer_0251","Public Sector","4","42711","2022-01-10"
"252","Customer_0252","SMB","10","14392","2022-12-29"
"253","Customer_0253","Public Sector","3","212512","2026-04-15"
"254","Customer_0254","Enterprise","2","39214","2021-08-31"
"255","Customer_0255","Public Sector","5","38568","2023-07-31"
"256","Customer_0256","Mid-Market","3","103419","2025-04-02"
"257","Customer_0257","Enterprise","5","11837","2025-11-23"
"258","Customer_0258","Public Sector","18","138474","2022-12-05"
"259","Customer_0259","SMB","7","113272","2025-01-25"
"260","Customer_0260","Mid-Market","7","86050","2026-03-23"
"261","Customer_0261","Public Sector","17","119605","2024-01-05"
"262","Customer_0262","Mid-Market","11","111533","2021-05-03"
"263","Customer_0263","SMB","18","164475","2021-10-01"
"264","Customer_0264","Mid-Market","2","88399","2024-10-24"
"265","Customer_0265","SMB","16","188870","2025-01-18"
"266","Customer_0266","SMB","11","196817","2024-01-16"
"267","Customer_0267","SMB","14","71871","2023-06-02"
"268","Customer_0268","Public Sector","12","108300","2026-02-06"
"269","Customer_0269","Mid-Market","7","27897","2024-01-10"
"270","Customer_0270","Mid-Market","10","120967","2023-03-24"
"271","Customer_0271","Mid-Market","4","199067","2024-05-21"
"272","Customer_0272","Enterprise","5","18493","2026-08-03"
"273","Customer_0273","Enterprise","1","108330","2025-07-30"
"274","Customer_0274","Mid-Market","19","202120","2026-01-07"
"275","Customer_0275","Public Sector","6","8954","2023-03-19"
"276","Customer_0276","Enterprise","13","235463","2022-02-05"
"277","Customer_0277","Mid-Market","11","125713","2022-03-30"
"278","Customer_0278","SMB","3","6957","2023-05-07"
"279","Customer_0279","Enterprise","4","173560","2026-05-12"
"280","Customer_0280","Public Sector","12","86703","2022-04-03"
"281","Customer_0281","Public Sector","2","7923","2023-11-21"
"282","Customer_0282","SMB","9","154867","2026-08-09"
"283","Customer_0283","Mid-Market","13","227290","2025-07-24"
"284","Customer_0284","SMB","12","145957","2022-12-10"
"285","Customer_0285","Mid-Market","4","191574","2025-09-27"
"286","Customer_0286","SMB","17","158910","2022-05-19"
"287","Customer_0287","Public Sector","13","156329","2023-05-07"
"288","Customer_0288","Enterprise","18","11545","2026-06-06"
"289","Customer_0289","Mid-Market","11","16072","2021-10-09"
"290","Customer_0290","Public Sector","2","64736","2022-08-19"
"291","Customer_0291","SMB","8","184603","2024-07-11"
"292","Customer_0292","Public Sector","11","88830","2023-05-08"
"293","Customer_0293","Public Sector","20","120915","2025-04-02"
"294","Customer_0294","Public Sector","14","150504","2024-12-19"
"295","Customer_0295","Enterprise","9","187492","2021-08-31"
"296","Customer_0296","SMB","8","219435","2023-02-19"
"297","Customer_0297","Enterprise","16","75367","2024-06-22"
"298","Customer_0298","Mid-Market","3","23654","2022-10-19"
"299","Customer_0299","Enterprise","1","128495","2024-04-25"
"300","Customer_0300","Public Sector","12","247951","2022-02-09"
"301","Customer_0301","Public Sector","8","115069","2021-07-23"
"302","Customer_0302","Mid-Market","12","156659","2021-06-01"
"303","Customer_0303","SMB","2","19635","2024-03-09"
"304","Customer_0304","Public Sector","8","233854","2022-07-13"
"305","Customer_0305","Public Sector","6","203125","2025-03-23"
"306","Customer_0306","Public Sector","4","168742","2021-05-17"
"307","Customer_0307","Public Sector","3","17047","2026-07-05"
"308","Customer_0308","Enterprise","12","175470","2026-04-04"
"309","Customer_0309","Enterprise","19","74458","2022-08-23"
"310","Customer_0310","SMB","20","73675","2022-10-24"
"311","Customer_0311","Public Sector","20","33832","2025-04-25"
"312","Customer_0312","Enterprise","1","233551","2024-11-07"
"313","Customer_0313","Public Sector","9","186639","2024-06-11"
"314","Customer_0314","Enterprise","19","138371","2023-06-02"
"315","Customer_0315","Enterprise","7","88179","2023-10-10"
"316","Customer_0316","Enterprise","9","124401","2026-06-16"
"317","Customer_0317","Enterprise","10","170460","2023-12-16"
"318","Customer_0318","Public Sector","4","7896","2026-07-24"
"319","Customer_0319","Public Sector","16","18002","2026-05-24"
"320","Customer_0320","Mid-Market","12","119531","2022-10-31"
"321","Customer_0321","Enterprise","16","111470","2021-05-04"
"322","Customer_0322","Mid-Market","12","103955","2024-10-25"
"323","Customer_0323","Enterprise","5","66843","2024-06-03"
"324","Customer_0324","Mid-Market","4","132368","2026-05-20"
"325","Customer_0325","Public Sector","15","138239","2022-11-19"
"326","Customer_0326","Public Sector","2","163258","2023-04-11"
"327","Customer_0327","Mid-Market","11","94341","2024-12-25"
"328","Customer_0328","Public Sector","19","31736","2023-05-26"
"329","Customer_0329","Public Sector","18","93930","2025-07-06"
"330","Customer_0330","SMB","2","19711","2026-05-07"
"331","Customer_0331","Enterprise","2","10636","2023-06-14"
"332","Customer_0332","SMB","10","217926","2025-08-23"
"333","Customer_0333","Public Sector","17","33786","2026-03-17"
"334","Customer_0334","Mid-Market","9","247966","2021-06-22"
"335","Customer_0335","SMB","3","12329","2023-01-07"
"336","Customer_0336","SMB","7","66235","2024-01-19"
"337","Customer_0337","SMB","2","125098","2025-08-08"
"338","Customer_0338","Enterprise","3","3064","2023-11-16"
"339","Customer_0339","Public Sector","6","192664","2022-04-18"
"340","Customer_0340","Enterprise","12","238868","2025-06-18"
"341","Customer_0341","Enterprise","14","172667","2024-11-26"
"342","Customer_0342","Public Sector","14","141022","2023-11-24"
"343","Customer_0343","Mid-Market","19","174368","2025-03-30"
"344","Customer_0344","SMB","3","187945","2025-01-19"
"345","Customer_0345","Mid-Market","4","93080","2025-07-26"
"346","Customer_0346","SMB","18","63507","2023-06-21"
"347","Customer_0347","Public Sector","8","2812","2023-04-29"
"348","Customer_0348","Public Sector","16","207291","2023-12-21"
"349","Customer_0349","SMB","9","124042","2022-03-20"
"350","Customer_0350","Public Sector","1","234599","2023-08-14"
"351","Customer_0351","Mid-Market","17","192331","2023-11-14"
"352","Customer_0352","Mid-Market","6","76864","2022-08-14"
"353","Customer_0353","SMB","14","209609","2021-05-02"
"354","Customer_0354","SMB","3","34891","2021-12-15"
"355","Customer_0355","Mid-Market","13","97895","2026-05-30"
"356","Customer_0356","SMB","9","173002","2021-08-03"
"357","Customer_0357","Enterprise","16","182662","2022-04-15"
"358","Customer_0358","SMB","7","103321","2026-03-04"
"359","Customer_0359","Mid-Market","16","84739","2023-12-27"
"360","Customer_0360","Mid-Market","14","175300","2025-11-16"
"361","Customer_0361","Enterprise","4","30438","2025-01-23"
"362","Customer_0362","Enterprise","7","44743","2022-03-01"
"363","Customer_0363","Enterprise","17","205200","2025-05-25"
"364","Customer_0364","Enterprise","3","178282","2022-12-13"
"365","Customer_0365","SMB","17","136116","2022-11-27"
"366","Customer_0366","Mid-Market","20","119165","2023-09-03"
"367","Customer_0367","Public Sector","6","62430","2022-11-21"
"368","Customer_0368","Enterprise","18","131496","2023-08-12"
"369","Customer_0369","Public Sector","10","119970","2023-06-22"
"370","Customer_0370","SMB","6","136670","2026-07-09"
"371","Customer_0371","Mid-Market","17","131872","2023-03-13"
"372","Customer_0372","Public Sector","3","229949","2024-08-02"
"373","Customer_0373","Enterprise","1","243481","2024-08-20"
"374","Customer_0374","SMB","2","162331","2021-06-02"
"375","Customer_0375","SMB","14","2625","2023-11-18"
"376","Customer_0376","Enterprise","17","151025","2023-02-24"
"377","Customer_0377","SMB","19","108089","2026-02-08"
"378","Customer_0378","Public Sector","18","59114","2023-01-20"
"379","Customer_0379","SMB","4","249313","2025-01-31"
"380","Customer_0380","Enterprise","8","49341","2026-01-22"
"381","Customer_0381","Mid-Market","5","135349","2025-04-19"
"382","Customer_0382","Mid-Market","14","7045","2022-07-26"
"383","Customer_0383","Enterprise","17","124243","2025-07-27"
"384","Customer_0384","Public Sector","18","67467","2023-10-22"
"385","Customer_0385","Public Sector","20","52597","2026-06-24"
"386","Customer_0386","Enterprise","9","224053","2021-10-30"
"387","Customer_0387","Mid-Market","2","29353","2025-10-13"
"388","Customer_0388","Mid-Market","20","212402","2025-09-30"
"389","Customer_0389","SMB","19","39817","2023-12-23"
"390","Customer_0390","SMB","3","86868","2023-05-26"
"391","Customer_0391","SMB","3","243784","2021-10-12"
"392","Customer_0392","SMB","18","245601","2021-09-04"
"393","Customer_0393","Mid-Market","7","22943","2025-11-12"
"394","Customer_0394","Enterprise","5","175257","2024-01-02"
"395","Customer_0395","Mid-Market","1","167205","2026-06-02"
"396","Customer_0396","Mid-Market","14","184220","2024-08-30"
"397","Customer_0397","Mid-Market","13","248347","2023-09-19"
"398","Customer_0398","Mid-Market","18","65156","2022-07-12"
"399","Customer_0399","Public Sector","17","11094","2025-08-06"
"400","Customer_0400","Public Sector","12","157813","2025-02-26"
"401","Customer_0401","Enterprise","19","205154","2022-11-22"
"402","Customer_0402","Enterprise","14","180029","2023-03-13"
"403","Customer_0403","Mid-Market","6","219343","2022-06-20"
"404","Customer_0404","Public Sector","11","8486","2022-11-25"
"405","Customer_0405","Public Sector","8","132318","2024-03-03"
"406","Customer_0406","Mid-Market","1","72422","2024-07-08"
"407","Customer_0407","Public Sector","7","247168","2024-04-28"
"408","Customer_0408","SMB","14","40834","2023-07-18"
"409","Customer_0409","SMB","12","31593","2024-04-26"
"410","Customer_0410","Mid-Market","5","78763","2024-04-15"
"411","Customer_0411","Enterprise","12","191911","2025-07-21"
"412","Customer_0412","SMB","13","55141","2021-04-13"
"413","Customer_0413","Public Sector","20","140079","2024-07-07"
"414","Customer_0414","Public Sector","2","45834","2025-02-08"
"415","Customer_0415","Enterprise","5","35943","2023-03-29"
"416","Customer_0416","Mid-Market","17","82420","2021-04-16"
"417","Customer_0417","Public Sector","7","58105","2021-07-11"
"418","Customer_0418","Enterprise","12","186148","2026-05-23"
"419","Customer_0419","Mid-Market","1","64531","2021-03-26"
"420","Customer_0420","Public Sector","7","187765","2026-04-28"
"421","Customer_0421","SMB","14","63808","2023-05-11"
"422","Customer_0422","Public Sector","20","103863","2021-10-26"
"423","Customer_0423","SMB","11","234186","2025-03-01"
"424","Customer_0424","Mid-Market","8","5304","2023-06-07"
"425","Customer_0425","Enterprise","17","75741","2025-08-05"
"426","Customer_0426","Public Sector","1","2544","2022-09-13"
"427","Customer_0427","Enterprise","2","30104","2024-02-29"
"428","Customer_0428","Mid-Market","8","200382","2023-09-07"
"429","Customer_0429","Mid-Market","8","216341","2025-01-08"
"430","Customer_0430","Mid-Market","8","244158","2024-10-15"
"431","Customer_0431","SMB","13","229544","2025-11-19"
"432","Customer_0432","Enterprise","12","84672","2022-10-21"
"433","Customer_0433","Enterprise","1","179952","2025-12-24"
"434","Customer_0434","Public Sector","15","155450","2023-07-31"
"435","Customer_0435","Enterprise","1","41553","2022-02-06"
"436","Customer_0436","Enterprise","10","196599","2021-07-30"
"437","Customer_0437","Public Sector","8","196983","2022-06-10"
"438","Customer_0438","Mid-Market","20","150781","2022-09-28"
"439","Customer_0439","SMB","5","15520","2022-05-20"
"440","Customer_0440","SMB","1","64367","2023-02-16"
"441","Customer_0441","Mid-Market","12","220925","2023-05-23"
"442","Customer_0442","Enterprise","10","160056","2022-06-07"
"443","Customer_0443","Enterprise","14","138698","2023-12-15"
"444","Customer_0444","Public Sector","18","134629","2021-09-11"
"445","Customer_0445","SMB","17","129757","2023-06-15"
"446","Customer_0446","SMB","14","94305","2025-11-23"
"447","Customer_0447","SMB","5","163777","2021-12-21"
"448","Customer_0448","SMB","8","194442","2021-12-11"
"449","Customer_0449","Mid-Market","18","51908","2025-08-05"
"450","Customer_0450","Mid-Market","4","179247","2023-05-30"
"451","Customer_0451","SMB","6","227787","2024-11-09"
"452","Customer_0452","Mid-Market","5","117682","2021-05-21"
"453","Customer_0453","Enterprise","20","55316","2022-02-27"
"454","Customer_0454","SMB","5","7898","2022-06-23"
"455","Customer_0455","Mid-Market","17","189839","2026-06-01"
"456","Customer_0456","Mid-Market","17","96139","2021-08-08"
"457","Customer_0457","Public Sector","10","16987","2021-05-04"
"458","Customer_0458","Public Sector","18","133415","2026-04-18"
"459","Customer_0459","Enterprise","7","165812","2024-09-29"
"460","Customer_0460","Mid-Market","17","23498","2022-01-31"
"461","Customer_0461","Mid-Market","1","221153","2025-10-11"
"462","Customer_0462","Enterprise","14","45936","2021-07-09"
"463","Customer_0463","Mid-Market","18","132304","2022-04-01"
"464","Customer_0464","Enterprise","1","89747","2026-02-15"
"465","Customer_0465","Public Sector","4","170166","2024-02-11"
"466","Customer_0466","Public Sector","2","240248","2025-07-11"
"467","Customer_0467","Enterprise","19","227497","2024-08-07"
"468","Customer_0468","Public Sector","10","103384","2025-09-08"
"469","Customer_0469","SMB","2","230072","2026-04-06"
"470","Customer_0470","Public Sector","14","197433","2021-08-05"
"471","Customer_0471","Mid-Market","3","84111","2024-07-11"
"472","Customer_0472","SMB","4","32403","2026-02-17"
"473","Customer_0473","Public Sector","14","168080","2021-05-20"
"474","Customer_0474","Mid-Market","8","145249","2024-03-16"
"475","Customer_0475","Enterprise","9","66944","2025-01-07"
"476","Customer_0476","Enterprise","3","214832","2025-11-29"
"477","Customer_0477","SMB","7","77580","2022-05-14"
"478","Customer_0478","SMB","20","54707","2021-07-20"
"479","Customer_0479","Mid-Market","16","103862","2025-06-25"
"480","Customer_0480","Public Sector","16","219544","2022-02-21"
"481","Customer_0481","Mid-Market","19","145603","2024-04-01"
"482","Customer_0482","SMB","1","48562","2023-06-04"
"483","Customer_0483","SMB","3","204831","2026-01-17"
"484","Customer_0484","Mid-Market","5","36883","2022-09-03"
"485","Customer_0485","Enterprise","6","248805","2021-06-07"
"486","Customer_0486","Enterprise","13","127013","2023-08-29"
"487","Customer_0487","SMB","14","54216","2025-04-02"
"488","Customer_0488","Enterprise","5","12443","2025-05-31"
"489","Customer_0489","Enterprise","17","237669","2023-03-27"
"490","Customer_0490","Enterprise","4","150290","2025-07-13"
"491","Customer_0491","SMB","18","219670","2022-02-17"
"492","Customer_0492","Public Sector","8","129461","2021-12-15"
"493","Customer_0493","Mid-Market","20","18596","2023-12-11"
"494","Customer_0494","Public Sector","2","203407","2022-08-01"
"495","Customer_0495","SMB","11","186100","2021-09-27"
"496","Customer_0496","SMB","1","67894","2023-09-08"
"497","Customer_0497","Mid-Market","15","202262","2024-01-25"
"498","Customer_0498","SMB","11","238711","2021-11-16"
"499","Customer_0499","Mid-Market","16","77256","2023-09-04"
"500","Customer_0500","Public Sector","18","87316","2026-08-14"
